complaint_text,category
"please help, there is no water supply in north corridor since two days",water issue
"students reported low water pressure at classroom 105 repeatedly, this keeps repeating.",water issue
admin office has dirty drinking water and maintenance has not fixed it for two weeks. request immediate action.,water issue
"please help, we are facing severe water leakage in engineering block almost every day",water issue
"there is water tank overflow in engineering block since two days, this keeps repeating.",water issue
students reported foul smell from water at admin office repeatedly. request immediate action.,water issue
"please help, main gate has pipeline blockage and maintenance has not fixed it for two weeks",water issue
"we are facing intermittent water cut in hostel block a almost every day, this keeps repeating.",water issue
there is contaminated tap water in classroom 203 since several weeks. request immediate action.,water issue
"please help, students reported bathroom tap not working at fee counter repeatedly",water issue
"auditorium has hostel washroom water shortage and maintenance has not fixed it for one week, this keeps repeating.",water issue
we are facing drain water backflow in auditorium almost every day. request immediate action.,water issue
"please help, there is no water supply in hostel block b since many days",water issue
"students reported low water pressure at north corridor repeatedly, this keeps repeating.",water issue
hostel block a has dirty drinking water and maintenance has not fixed it for two weeks. request immediate action.,water issue
"please help, we are facing severe water leakage in admin office almost every day",water issue
"there is water tank overflow in north corridor since several weeks, this keeps repeating.",water issue
students reported foul smell from water at engineering block repeatedly. request immediate action.,water issue
"please help, main library has pipeline blockage and maintenance has not fixed it for two days",water issue
"we are facing intermittent water cut in classroom 105 almost every day, this keeps repeating.",water issue
there is contaminated tap water in parking area since two days. request immediate action.,water issue
"please help, students reported bathroom tap not working at fee counter repeatedly",water issue
"computer lab has hostel washroom water shortage and maintenance has not fixed it for two weeks, this keeps repeating.",water issue
we are facing drain water backflow in fee counter almost every day. request immediate action.,water issue
"please help, there is no water supply in hostel block a since one month",water issue
"students reported low water pressure at admin office repeatedly, this keeps repeating.",water issue
engineering block has dirty drinking water and maintenance has not fixed it for two days. request immediate action.,water issue
"please help, we are facing severe water leakage in hostel block a almost every day",water issue
"there is water tank overflow in main gate since one month, this keeps repeating.",water issue
students reported foul smell from water at canteen repeatedly. request immediate action.,water issue
"please help, canteen has pipeline blockage and maintenance has not fixed it for two days",water issue
"we are facing intermittent water cut in science lab almost every day, this keeps repeating.",water issue
there is contaminated tap water in fee counter since one week. request immediate action.,water issue
"please help, students reported bathroom tap not working at engineering block repeatedly",water issue
"auditorium has hostel washroom water shortage and maintenance has not fixed it for one month, this keeps repeating.",water issue
we are facing drain water backflow in main library almost every day. request immediate action.,water issue
"please help, there is no water supply in north corridor since three days",water issue
"students reported low water pressure at fee counter repeatedly, this keeps repeating.",water issue
classroom 203 has dirty drinking water and maintenance has not fixed it for three days. request immediate action.,water issue
"please help, we are facing severe water leakage in hostel block a almost every day",water issue
"there is water tank overflow in classroom 105 since two days, this keeps repeating.",water issue
students reported foul smell from water at parking area repeatedly. request immediate action.,water issue
"please help, canteen has pipeline blockage and maintenance has not fixed it for several weeks",water issue
"we are facing intermittent water cut in classroom 105 almost every day, this keeps repeating.",water issue
there is contaminated tap water in computer lab since two weeks. request immediate action.,water issue
"please help, students reported bathroom tap not working at canteen repeatedly",water issue
"engineering block has hostel washroom water shortage and maintenance has not fixed it for several weeks, this keeps repeating.",water issue
we are facing drain water backflow in computer lab almost every day. request immediate action.,water issue
"please help, there is no water supply in hostel block a since several weeks",water issue
"students reported low water pressure at engineering block repeatedly, this keeps repeating.",water issue
classroom 203 has dirty drinking water and maintenance has not fixed it for one month. request immediate action.,water issue
"please help, we are facing severe water leakage in parking area almost every day",water issue
"there is water tank overflow in main library since three days, this keeps repeating.",water issue
students reported foul smell from water at science lab repeatedly. request immediate action.,water issue
"please help, fee counter has pipeline blockage and maintenance has not fixed it for two weeks",water issue
"we are facing intermittent water cut in classroom 203 almost every day, this keeps repeating.",water issue
there is contaminated tap water in engineering block since two weeks. request immediate action.,water issue
"please help, students reported bathroom tap not working at canteen repeatedly",water issue
"fee counter has hostel washroom water shortage and maintenance has not fixed it for three days, this keeps repeating.",water issue
we are facing drain water backflow in auditorium almost every day. request immediate action.,water issue
"please help, there is no water supply in engineering block since one week",water issue
"students reported low water pressure at science lab repeatedly, this keeps repeating.",water issue
north corridor has dirty drinking water and maintenance has not fixed it for one month. request immediate action.,water issue
"please help, we are facing severe water leakage in classroom 105 almost every day",water issue
"there is water tank overflow in computer lab since three days, this keeps repeating.",water issue
students reported foul smell from water at computer lab repeatedly. request immediate action.,water issue
"please help, main gate has pipeline blockage and maintenance has not fixed it for two weeks",water issue
"we are facing intermittent water cut in fee counter almost every day, this keeps repeating.",water issue
there is contaminated tap water in main gate since two weeks. request immediate action.,water issue
"please help, students reported bathroom tap not working at auditorium repeatedly",water issue
"classroom 105 has hostel washroom water shortage and maintenance has not fixed it for one month, this keeps repeating.",water issue
we are facing drain water backflow in computer lab almost every day. request immediate action.,water issue
"please help, there is no water supply in admin office since three days",water issue
"students reported low water pressure at hostel block b repeatedly, this keeps repeating.",water issue
north corridor has dirty drinking water and maintenance has not fixed it for many days. request immediate action.,water issue
"please help, we are facing severe water leakage in north corridor almost every day",water issue
"there is water tank overflow in canteen since two weeks, this keeps repeating.",water issue
students reported foul smell from water at science lab repeatedly. request immediate action.,water issue
"please help, computer lab has pipeline blockage and maintenance has not fixed it for two weeks",water issue
"we are facing intermittent water cut in engineering block almost every day, this keeps repeating.",water issue
there is contaminated tap water in parking area since several weeks. request immediate action.,water issue
"please help, students reported bathroom tap not working at auditorium repeatedly",water issue
"north corridor has hostel washroom water shortage and maintenance has not fixed it for one month, this keeps repeating.",water issue
we are facing drain water backflow in fee counter almost every day. request immediate action.,water issue
"please help, there is no water supply in main library since three days",water issue
"students reported low water pressure at admin office repeatedly, this keeps repeating.",water issue
computer lab has dirty drinking water and maintenance has not fixed it for two weeks. request immediate action.,water issue
"please help, we are facing severe water leakage in hostel block a almost every day",water issue
"there is water tank overflow in north corridor since two days, this keeps repeating.",water issue
students reported foul smell from water at hostel block a repeatedly. request immediate action.,water issue
"please help, admin office has pipeline blockage and maintenance has not fixed it for one week",water issue
"we are facing intermittent water cut in canteen almost every day, this keeps repeating.",water issue
there is contaminated tap water in classroom 105 since many days. request immediate action.,water issue
"please help, students reported bathroom tap not working at science lab repeatedly",water issue
"hostel block b has hostel washroom water shortage and maintenance has not fixed it for one week, this keeps repeating.",water issue
we are facing drain water backflow in canteen almost every day. request immediate action.,water issue
"please help, there is no water supply in parking area since three days",water issue
"students reported low water pressure at engineering block repeatedly, this keeps repeating.",water issue
hostel block a has dirty drinking water and maintenance has not fixed it for three days. request immediate action.,water issue
"please help, we are facing severe water leakage in hostel block b almost every day",water issue
"please help, there is power outage in hostel block a during evening hours",electricity
"main library keeps having frequent voltage fluctuation for two days, this keeps repeating.",electricity
we noticed electric shock from socket near computer lab and this is unsafe. request immediate action.,electricity
"please help, sparks in wiring in north corridor is affecting classes for several weeks",electricity
"there is classroom fan not working in science lab during exam time, this keeps repeating.",electricity
classroom 203 keeps having light failure in corridor for one month. request immediate action.,electricity
"please help, we noticed generator backup failure near north corridor and this is unsafe",electricity
"short circuit near panel in classroom 203 is affecting classes for two weeks, this keeps repeating.",electricity
there is broken switch board in north corridor during night. request immediate action.,electricity
"please help, classroom 105 keeps having lab equipment not powered for one week",electricity
"we noticed dark stairway due to no lights near fee counter and this is unsafe, this keeps repeating.",electricity
sudden blackout at night in classroom 203 is affecting classes for three days. request immediate action.,electricity
"please help, there is power outage in admin office during exam time",electricity
"engineering block keeps having frequent voltage fluctuation for two weeks, this keeps repeating.",electricity
we noticed electric shock from socket near classroom 105 and this is unsafe. request immediate action.,electricity
"please help, sparks in wiring in main gate is affecting classes for three days",electricity
"there is classroom fan not working in auditorium during exam time, this keeps repeating.",electricity
classroom 203 keeps having light failure in corridor for two days. request immediate action.,electricity
"please help, we noticed generator backup failure near classroom 105 and this is unsafe",electricity
"short circuit near panel in parking area is affecting classes for one week, this keeps repeating.",electricity
there is broken switch board in computer lab during exam time. request immediate action.,electricity
"please help, hostel block b keeps having lab equipment not powered for one month",electricity
"we noticed dark stairway due to no lights near north corridor and this is unsafe, this keeps repeating.",electricity
sudden blackout at night in north corridor is affecting classes for two days. request immediate action.,electricity
"please help, there is power outage in hostel block b during evening hours",electricity
"north corridor keeps having frequent voltage fluctuation for two days, this keeps repeating.",electricity
we noticed electric shock from socket near classroom 105 and this is unsafe. request immediate action.,electricity
"please help, sparks in wiring in admin office is affecting classes for three days",electricity
"there is classroom fan not working in classroom 105 during evening hours, this keeps repeating.",electricity
engineering block keeps having light failure in corridor for one week. request immediate action.,electricity
"please help, we noticed generator backup failure near computer lab and this is unsafe",electricity
"short circuit near panel in parking area is affecting classes for two days, this keeps repeating.",electricity
there is broken switch board in classroom 203 during evening hours. request immediate action.,electricity
"please help, engineering block keeps having lab equipment not powered for several weeks",electricity
"we noticed dark stairway due to no lights near science lab and this is unsafe, this keeps repeating.",electricity
sudden blackout at night in computer lab is affecting classes for three days. request immediate action.,electricity
"please help, there is power outage in auditorium during exam time",electricity
"classroom 203 keeps having frequent voltage fluctuation for several weeks, this keeps repeating.",electricity
we noticed electric shock from socket near computer lab and this is unsafe. request immediate action.,electricity
"please help, sparks in wiring in computer lab is affecting classes for one week",electricity
"there is classroom fan not working in science lab during night, this keeps repeating.",electricity
north corridor keeps having light failure in corridor for one month. request immediate action.,electricity
"please help, we noticed generator backup failure near engineering block and this is unsafe",electricity
"short circuit near panel in classroom 203 is affecting classes for two weeks, this keeps repeating.",electricity
there is broken switch board in parking area during exam time. request immediate action.,electricity
"please help, north corridor keeps having lab equipment not powered for one month",electricity
"we noticed dark stairway due to no lights near classroom 105 and this is unsafe, this keeps repeating.",electricity
sudden blackout at night in north corridor is affecting classes for one month. request immediate action.,electricity
"please help, there is power outage in computer lab during exam time",electricity
"classroom 105 keeps having frequent voltage fluctuation for two days, this keeps repeating.",electricity
we noticed electric shock from socket near parking area and this is unsafe. request immediate action.,electricity
"please help, sparks in wiring in classroom 105 is affecting classes for two weeks",electricity
"there is classroom fan not working in classroom 203 during evening hours, this keeps repeating.",electricity
auditorium keeps having light failure in corridor for many days. request immediate action.,electricity
"please help, we noticed generator backup failure near computer lab and this is unsafe",electricity
"short circuit near panel in hostel block a is affecting classes for one month, this keeps repeating.",electricity
there is broken switch board in admin office during exam time. request immediate action.,electricity
"please help, classroom 203 keeps having lab equipment not powered for one week",electricity
"we noticed dark stairway due to no lights near north corridor and this is unsafe, this keeps repeating.",electricity
sudden blackout at night in engineering block is affecting classes for many days. request immediate action.,electricity
"please help, there is power outage in main library during night",electricity
"engineering block keeps having frequent voltage fluctuation for three days, this keeps repeating.",electricity
we noticed electric shock from socket near fee counter and this is unsafe. request immediate action.,electricity
"please help, sparks in wiring in main gate is affecting classes for many days",electricity
"there is classroom fan not working in main library during exam time, this keeps repeating.",electricity
canteen keeps having light failure in corridor for three days. request immediate action.,electricity
"please help, we noticed generator backup failure near classroom 203 and this is unsafe",electricity
"short circuit near panel in north corridor is affecting classes for several weeks, this keeps repeating.",electricity
there is broken switch board in parking area during night. request immediate action.,electricity
"please help, auditorium keeps having lab equipment not powered for many days",electricity
"we noticed dark stairway due to no lights near hostel block a and this is unsafe, this keeps repeating.",electricity
sudden blackout at night in fee counter is affecting classes for two days. request immediate action.,electricity
"please help, there is power outage in classroom 105 during night",electricity
"hostel block a keeps having frequent voltage fluctuation for two days, this keeps repeating.",electricity
we noticed electric shock from socket near parking area and this is unsafe. request immediate action.,electricity
"please help, sparks in wiring in admin office is affecting classes for two weeks",electricity
"there is classroom fan not working in auditorium during evening hours, this keeps repeating.",electricity
canteen keeps having light failure in corridor for several weeks. request immediate action.,electricity
"please help, we noticed generator backup failure near auditorium and this is unsafe",electricity
"short circuit near panel in computer lab is affecting classes for many days, this keeps repeating.",electricity
there is broken switch board in north corridor during evening hours. request immediate action.,electricity
"please help, hostel block b keeps having lab equipment not powered for many days",electricity
"we noticed dark stairway due to no lights near main library and this is unsafe, this keeps repeating.",electricity
sudden blackout at night in computer lab is affecting classes for three days. request immediate action.,electricity
"please help, there is power outage in computer lab during night",electricity
"hostel block b keeps having frequent voltage fluctuation for many days, this keeps repeating.",electricity
we noticed electric shock from socket near computer lab and this is unsafe. request immediate action.,electricity
"please help, sparks in wiring in science lab is affecting classes for three days",electricity
"there is classroom fan not working in canteen during exam time, this keeps repeating.",electricity
canteen keeps having light failure in corridor for one week. request immediate action.,electricity
"please help, we noticed generator backup failure near fee counter and this is unsafe",electricity
"short circuit near panel in admin office is affecting classes for one week, this keeps repeating.",electricity
there is broken switch board in canteen during night. request immediate action.,electricity
"please help, north corridor keeps having lab equipment not powered for one month",electricity
"we noticed dark stairway due to no lights near parking area and this is unsafe, this keeps repeating.",electricity
sudden blackout at night in main library is affecting classes for two weeks. request immediate action.,electricity
"please help, there is power outage in hostel block b during night",electricity
"hostel block a keeps having frequent voltage fluctuation for several weeks, this keeps repeating.",electricity
we noticed electric shock from socket near main gate and this is unsafe. request immediate action.,electricity
"please help, sparks in wiring in computer lab is affecting classes for two weeks",electricity
"please help, the wrong fee amount for my account is unresolved for three days",fees/finance
"finance office has not fixed duplicate payment deduction despite multiple reminders, this keeps repeating.",fees/finance
i was charged refund pending and need correction urgently. request immediate action.,fees/finance
"please help, there is scholarship not credited related to north corridor payment",fees/finance
"the late fee charged incorrectly for my account is unresolved for one week, this keeps repeating.",fees/finance
finance office has not fixed invoice mismatch despite multiple reminders. request immediate action.,fees/finance
"please help, i was charged payment receipt missing and need correction urgently",fees/finance
"there is hostel fee overcharge related to fee counter payment, this keeps repeating.",fees/finance
the financial aid rejection without reason for my account is unresolved for several weeks. request immediate action.,fees/finance
"please help, finance office has not fixed exam fee still showing unpaid despite multiple reminders",fees/finance
"i was charged double transaction issue and need correction urgently, this keeps repeating.",fees/finance
there is installment plan not updated related to north corridor payment. request immediate action.,fees/finance
"please help, the wrong fee amount for my account is unresolved for many days",fees/finance
"finance office has not fixed duplicate payment deduction despite multiple reminders, this keeps repeating.",fees/finance
i was charged refund pending and need correction urgently. request immediate action.,fees/finance
"please help, there is scholarship not credited related to engineering block payment",fees/finance
"the late fee charged incorrectly for my account is unresolved for two weeks, this keeps repeating.",fees/finance
finance office has not fixed invoice mismatch despite multiple reminders. request immediate action.,fees/finance
"please help, i was charged payment receipt missing and need correction urgently",fees/finance
"there is hostel fee overcharge related to hostel block b payment, this keeps repeating.",fees/finance
the financial aid rejection without reason for my account is unresolved for two days. request immediate action.,fees/finance
"please help, finance office has not fixed exam fee still showing unpaid despite multiple reminders",fees/finance
"i was charged double transaction issue and need correction urgently, this keeps repeating.",fees/finance
there is installment plan not updated related to engineering block payment. request immediate action.,fees/finance
"please help, the wrong fee amount for my account is unresolved for several weeks",fees/finance
"finance office has not fixed duplicate payment deduction despite multiple reminders, this keeps repeating.",fees/finance
i was charged refund pending and need correction urgently. request immediate action.,fees/finance
"please help, there is scholarship not credited related to science lab payment",fees/finance
"the late fee charged incorrectly for my account is unresolved for two weeks, this keeps repeating.",fees/finance
finance office has not fixed invoice mismatch despite multiple reminders. request immediate action.,fees/finance
"please help, i was charged payment receipt missing and need correction urgently",fees/finance
"there is hostel fee overcharge related to parking area payment, this keeps repeating.",fees/finance
the financial aid rejection without reason for my account is unresolved for several weeks. request immediate action.,fees/finance
"please help, finance office has not fixed exam fee still showing unpaid despite multiple reminders",fees/finance
"i was charged double transaction issue and need correction urgently, this keeps repeating.",fees/finance
there is installment plan not updated related to engineering block payment. request immediate action.,fees/finance
"please help, the wrong fee amount for my account is unresolved for one week",fees/finance
"finance office has not fixed duplicate payment deduction despite multiple reminders, this keeps repeating.",fees/finance
i was charged refund pending and need correction urgently. request immediate action.,fees/finance
"please help, there is scholarship not credited related to admin office payment",fees/finance
"the late fee charged incorrectly for my account is unresolved for many days, this keeps repeating.",fees/finance
finance office has not fixed invoice mismatch despite multiple reminders. request immediate action.,fees/finance
"please help, i was charged payment receipt missing and need correction urgently",fees/finance
"there is hostel fee overcharge related to hostel block a payment, this keeps repeating.",fees/finance
the financial aid rejection without reason for my account is unresolved for one week. request immediate action.,fees/finance
"please help, finance office has not fixed exam fee still showing unpaid despite multiple reminders",fees/finance
"i was charged double transaction issue and need correction urgently, this keeps repeating.",fees/finance
there is installment plan not updated related to parking area payment. request immediate action.,fees/finance
"please help, the wrong fee amount for my account is unresolved for one month",fees/finance
"finance office has not fixed duplicate payment deduction despite multiple reminders, this keeps repeating.",fees/finance
i was charged refund pending and need correction urgently. request immediate action.,fees/finance
"please help, there is scholarship not credited related to classroom 203 payment",fees/finance
"the late fee charged incorrectly for my account is unresolved for three days, this keeps repeating.",fees/finance
finance office has not fixed invoice mismatch despite multiple reminders. request immediate action.,fees/finance
"please help, i was charged payment receipt missing and need correction urgently",fees/finance
"there is hostel fee overcharge related to computer lab payment, this keeps repeating.",fees/finance
the financial aid rejection without reason for my account is unresolved for two weeks. request immediate action.,fees/finance
"please help, finance office has not fixed exam fee still showing unpaid despite multiple reminders",fees/finance
"i was charged double transaction issue and need correction urgently, this keeps repeating.",fees/finance
there is installment plan not updated related to hostel block b payment. request immediate action.,fees/finance
"please help, the wrong fee amount for my account is unresolved for two weeks",fees/finance
"finance office has not fixed duplicate payment deduction despite multiple reminders, this keeps repeating.",fees/finance
i was charged refund pending and need correction urgently. request immediate action.,fees/finance
"please help, there is scholarship not credited related to main gate payment",fees/finance
"the late fee charged incorrectly for my account is unresolved for one month, this keeps repeating.",fees/finance
finance office has not fixed invoice mismatch despite multiple reminders. request immediate action.,fees/finance
"please help, i was charged payment receipt missing and need correction urgently",fees/finance
"there is hostel fee overcharge related to computer lab payment, this keeps repeating.",fees/finance
the financial aid rejection without reason for my account is unresolved for one week. request immediate action.,fees/finance
"please help, finance office has not fixed exam fee still showing unpaid despite multiple reminders",fees/finance
"i was charged double transaction issue and need correction urgently, this keeps repeating.",fees/finance
there is installment plan not updated related to classroom 203 payment. request immediate action.,fees/finance
"please help, the wrong fee amount for my account is unresolved for one month",fees/finance
"finance office has not fixed duplicate payment deduction despite multiple reminders, this keeps repeating.",fees/finance
i was charged refund pending and need correction urgently. request immediate action.,fees/finance
"please help, there is scholarship not credited related to main library payment",fees/finance
"the late fee charged incorrectly for my account is unresolved for one month, this keeps repeating.",fees/finance
finance office has not fixed invoice mismatch despite multiple reminders. request immediate action.,fees/finance
"please help, i was charged payment receipt missing and need correction urgently",fees/finance
"there is hostel fee overcharge related to main library payment, this keeps repeating.",fees/finance
the financial aid rejection without reason for my account is unresolved for many days. request immediate action.,fees/finance
"please help, finance office has not fixed exam fee still showing unpaid despite multiple reminders",fees/finance
"i was charged double transaction issue and need correction urgently, this keeps repeating.",fees/finance
there is installment plan not updated related to fee counter payment. request immediate action.,fees/finance
"please help, the wrong fee amount for my account is unresolved for three days",fees/finance
"finance office has not fixed duplicate payment deduction despite multiple reminders, this keeps repeating.",fees/finance
i was charged refund pending and need correction urgently. request immediate action.,fees/finance
"please help, there is scholarship not credited related to admin office payment",fees/finance
"the late fee charged incorrectly for my account is unresolved for one month, this keeps repeating.",fees/finance
finance office has not fixed invoice mismatch despite multiple reminders. request immediate action.,fees/finance
"please help, i was charged payment receipt missing and need correction urgently",fees/finance
"there is hostel fee overcharge related to canteen payment, this keeps repeating.",fees/finance
the financial aid rejection without reason for my account is unresolved for two weeks. request immediate action.,fees/finance
"please help, finance office has not fixed exam fee still showing unpaid despite multiple reminders",fees/finance
"i was charged double transaction issue and need correction urgently, this keeps repeating.",fees/finance
there is installment plan not updated related to classroom 105 payment. request immediate action.,fees/finance
"please help, the wrong fee amount for my account is unresolved for two weeks",fees/finance
"finance office has not fixed duplicate payment deduction despite multiple reminders, this keeps repeating.",fees/finance
i was charged refund pending and need correction urgently. request immediate action.,fees/finance
"please help, there is scholarship not credited related to classroom 105 payment",fees/finance
"please help, i experienced verbal abuse at admin office and feel unsafe",harassment
"there was threatening messages by a person in computer lab for one week, this keeps repeating.",harassment
please take action on bullying by seniors happening around fee counter. request immediate action.,harassment
"please help, ragging by senior students in computer lab is creating a threatening environment",harassment
"i experienced stalking near hostel at canteen and feel unsafe, this keeps repeating.",harassment
there was inappropriate behavior by staff by a person in auditorium for two days. request immediate action.,harassment
"please help, please take action on discriminatory comments happening around main library",harassment
"sexual harassment complaint in classroom 203 is creating a threatening environment, this keeps repeating.",harassment
i experienced senior misconduct during orientation at hostel block b and feel unsafe. request immediate action.,harassment
"please help, there was intimidation in class by a person in computer lab for three days",harassment
"please take action on unsafe interaction in corridor happening around classroom 203, this keeps repeating.",harassment
public humiliation in admin office is creating a threatening environment. request immediate action.,harassment
"please help, i experienced coercive behavior at computer lab and feel unsafe",harassment
"there was abusive language in office by a person in hostel block a for many days, this keeps repeating.",harassment
please take action on physical assault report happening around classroom 105. request immediate action.,harassment
"please help, violent threatening behavior in engineering block is creating a threatening environment",harassment
"i experienced senior harassing a junior at canteen and feel unsafe, this keeps repeating.",harassment
there was some senior is harassing a junior on fifth floor by a person in computer lab for several weeks. request immediate action.,harassment
"please help, please take action on a senior is ragging freshmen in hostel happening around computer lab",harassment
"senior students bullying juniors after class in classroom 105 is creating a threatening environment, this keeps repeating.",harassment
i experienced threatening behavior by senior toward junior at parking area and feel unsafe. request immediate action.,harassment
"please help, there was harassing messages from senior student by a person in science lab for several weeks",harassment
"please take action on junior student harassed in corridor happening around parking area, this keeps repeating.",harassment
senior intimidating fresher students in fee counter is creating a threatening environment. request immediate action.,harassment
"please help, i experienced verbal abuse at engineering block and feel unsafe",harassment
"there was threatening messages by a person in computer lab for one week, this keeps repeating.",harassment
please take action on bullying by seniors happening around canteen. request immediate action.,harassment
"please help, ragging by senior students in hostel block b is creating a threatening environment",harassment
"i experienced stalking near hostel at hostel block a and feel unsafe, this keeps repeating.",harassment
there was inappropriate behavior by staff by a person in auditorium for three days. request immediate action.,harassment
"please help, please take action on discriminatory comments happening around hostel block a",harassment
"sexual harassment complaint in classroom 105 is creating a threatening environment, this keeps repeating.",harassment
i experienced senior misconduct during orientation at fee counter and feel unsafe. request immediate action.,harassment
"please help, there was intimidation in class by a person in auditorium for two weeks",harassment
"please take action on unsafe interaction in corridor happening around hostel block a, this keeps repeating.",harassment
public humiliation in fee counter is creating a threatening environment. request immediate action.,harassment
"please help, i experienced coercive behavior at admin office and feel unsafe",harassment
"there was abusive language in office by a person in engineering block for one week, this keeps repeating.",harassment
please take action on physical assault report happening around science lab. request immediate action.,harassment
"please help, violent threatening behavior in auditorium is creating a threatening environment",harassment
"i experienced senior harassing a junior at north corridor and feel unsafe, this keeps repeating.",harassment
there was some senior is harassing a junior on fifth floor by a person in admin office for several weeks. request immediate action.,harassment
"please help, please take action on a senior is ragging freshmen in hostel happening around computer lab",harassment
"senior students bullying juniors after class in main gate is creating a threatening environment, this keeps repeating.",harassment
i experienced threatening behavior by senior toward junior at science lab and feel unsafe. request immediate action.,harassment
"please help, there was harassing messages from senior student by a person in auditorium for two weeks",harassment
"please take action on junior student harassed in corridor happening around hostel block a, this keeps repeating.",harassment
senior intimidating fresher students in classroom 203 is creating a threatening environment. request immediate action.,harassment
"please help, i experienced verbal abuse at computer lab and feel unsafe",harassment
"there was threatening messages by a person in hostel block b for one month, this keeps repeating.",harassment
please take action on bullying by seniors happening around parking area. request immediate action.,harassment
"please help, ragging by senior students in engineering block is creating a threatening environment",harassment
"i experienced stalking near hostel at fee counter and feel unsafe, this keeps repeating.",harassment
there was inappropriate behavior by staff by a person in main library for two days. request immediate action.,harassment
"please help, please take action on discriminatory comments happening around north corridor",harassment
"sexual harassment complaint in hostel block b is creating a threatening environment, this keeps repeating.",harassment
i experienced senior misconduct during orientation at fee counter and feel unsafe. request immediate action.,harassment
"please help, there was intimidation in class by a person in main library for several weeks",harassment
"please take action on unsafe interaction in corridor happening around main library, this keeps repeating.",harassment
public humiliation in classroom 105 is creating a threatening environment. request immediate action.,harassment
"please help, i experienced coercive behavior at auditorium and feel unsafe",harassment
"there was abusive language in office by a person in admin office for two days, this keeps repeating.",harassment
please take action on physical assault report happening around parking area. request immediate action.,harassment
"please help, violent threatening behavior in engineering block is creating a threatening environment",harassment
"i experienced senior harassing a junior at north corridor and feel unsafe, this keeps repeating.",harassment
there was some senior is harassing a junior on fifth floor by a person in engineering block for several weeks. request immediate action.,harassment
"please help, please take action on a senior is ragging freshmen in hostel happening around hostel block b",harassment
"senior students bullying juniors after class in north corridor is creating a threatening environment, this keeps repeating.",harassment
i experienced threatening behavior by senior toward junior at auditorium and feel unsafe. request immediate action.,harassment
"please help, there was harassing messages from senior student by a person in canteen for several weeks",harassment
"please take action on junior student harassed in corridor happening around classroom 203, this keeps repeating.",harassment
senior intimidating fresher students in auditorium is creating a threatening environment. request immediate action.,harassment
"please help, i experienced verbal abuse at admin office and feel unsafe",harassment
"there was threatening messages by a person in parking area for several weeks, this keeps repeating.",harassment
please take action on bullying by seniors happening around fee counter. request immediate action.,harassment
"please help, ragging by senior students in auditorium is creating a threatening environment",harassment
"i experienced stalking near hostel at main gate and feel unsafe, this keeps repeating.",harassment
there was inappropriate behavior by staff by a person in canteen for many days. request immediate action.,harassment
"please help, please take action on discriminatory comments happening around north corridor",harassment
"sexual harassment complaint in classroom 105 is creating a threatening environment, this keeps repeating.",harassment
i experienced senior misconduct during orientation at canteen and feel unsafe. request immediate action.,harassment
"please help, there was intimidation in class by a person in computer lab for several weeks",harassment
"please take action on unsafe interaction in corridor happening around computer lab, this keeps repeating.",harassment
public humiliation in engineering block is creating a threatening environment. request immediate action.,harassment
"please help, i experienced coercive behavior at auditorium and feel unsafe",harassment
"there was abusive language in office by a person in fee counter for two weeks, this keeps repeating.",harassment
please take action on physical assault report happening around main gate. request immediate action.,harassment
"please help, violent threatening behavior in admin office is creating a threatening environment",harassment
"i experienced senior harassing a junior at science lab and feel unsafe, this keeps repeating.",harassment
there was some senior is harassing a junior on fifth floor by a person in fee counter for two days. request immediate action.,harassment
"please help, please take action on a senior is ragging freshmen in hostel happening around classroom 203",harassment
"senior students bullying juniors after class in computer lab is creating a threatening environment, this keeps repeating.",harassment
i experienced threatening behavior by senior toward junior at main library and feel unsafe. request immediate action.,harassment
"please help, there was harassing messages from senior student by a person in parking area for three days",harassment
"please take action on junior student harassed in corridor happening around north corridor, this keeps repeating.",harassment
senior intimidating fresher students in classroom 105 is creating a threatening environment. request immediate action.,harassment
"please help, i experienced verbal abuse at parking area and feel unsafe",harassment
"there was threatening messages by a person in admin office for many days, this keeps repeating.",harassment
please take action on bullying by seniors happening around main gate. request immediate action.,harassment
"please help, ragging by senior students in main gate is creating a threatening environment",harassment
"please help, fee counter has broken classroom chairs and needs maintenance",infrastructure
"there is damaged ceiling tiles in main library for several weeks, this keeps repeating.",infrastructure
students are affected because of lift not working at auditorium. request immediate action.,infrastructure
"please help, please repair toilet door broken in engineering block soon",infrastructure
"main library has library air conditioning failure and needs maintenance, this keeps repeating.",infrastructure
there is poor ventilation in north corridor for two weeks. request immediate action.,infrastructure
"please help, students are affected because of potholes on internal road at computer lab",infrastructure
"please repair water seepage in walls in hostel block b soon, this keeps repeating.",infrastructure
science lab has unsafe staircase railing and needs maintenance. request immediate action.,infrastructure
"please help, there is collapsed false ceiling panel in classroom 105 for two days",infrastructure
"students are affected because of broken lab benches at hostel block b, this keeps repeating.",infrastructure
please repair campus wifi dead zone in science lab soon. request immediate action.,infrastructure
"please help, classroom 203 has broken classroom chairs and needs maintenance",infrastructure
"there is damaged ceiling tiles in science lab for one month, this keeps repeating.",infrastructure
students are affected because of lift not working at science lab. request immediate action.,infrastructure
"please help, please repair toilet door broken in fee counter soon",infrastructure
"main gate has library air conditioning failure and needs maintenance, this keeps repeating.",infrastructure
there is poor ventilation in computer lab for several weeks. request immediate action.,infrastructure
"please help, students are affected because of potholes on internal road at classroom 105",infrastructure
"please repair water seepage in walls in engineering block soon, this keeps repeating.",infrastructure
classroom 105 has unsafe staircase railing and needs maintenance. request immediate action.,infrastructure
"please help, there is collapsed false ceiling panel in main gate for two weeks",infrastructure
"students are affected because of broken lab benches at parking area, this keeps repeating.",infrastructure
please repair campus wifi dead zone in auditorium soon. request immediate action.,infrastructure
"please help, canteen has broken classroom chairs and needs maintenance",infrastructure
"there is damaged ceiling tiles in classroom 203 for two days, this keeps repeating.",infrastructure
students are affected because of lift not working at admin office. request immediate action.,infrastructure
"please help, please repair toilet door broken in canteen soon",infrastructure
"classroom 203 has library air conditioning failure and needs maintenance, this keeps repeating.",infrastructure
there is poor ventilation in admin office for two days. request immediate action.,infrastructure
"please help, students are affected because of potholes on internal road at hostel block b",infrastructure
"please repair water seepage in walls in north corridor soon, this keeps repeating.",infrastructure
engineering block has unsafe staircase railing and needs maintenance. request immediate action.,infrastructure
"please help, there is collapsed false ceiling panel in hostel block b for two weeks",infrastructure
"students are affected because of broken lab benches at canteen, this keeps repeating.",infrastructure
please repair campus wifi dead zone in computer lab soon. request immediate action.,infrastructure
"please help, computer lab has broken classroom chairs and needs maintenance",infrastructure
"there is damaged ceiling tiles in hostel block b for three days, this keeps repeating.",infrastructure
students are affected because of lift not working at classroom 203. request immediate action.,infrastructure
"please help, please repair toilet door broken in science lab soon",infrastructure
"admin office has library air conditioning failure and needs maintenance, this keeps repeating.",infrastructure
there is poor ventilation in hostel block a for one month. request immediate action.,infrastructure
"please help, students are affected because of potholes on internal road at classroom 105",infrastructure
"please repair water seepage in walls in main gate soon, this keeps repeating.",infrastructure
engineering block has unsafe staircase railing and needs maintenance. request immediate action.,infrastructure
"please help, there is collapsed false ceiling panel in classroom 203 for many days",infrastructure
"students are affected because of broken lab benches at computer lab, this keeps repeating.",infrastructure
please repair campus wifi dead zone in north corridor soon. request immediate action.,infrastructure
"please help, hostel block b has broken classroom chairs and needs maintenance",infrastructure
"there is damaged ceiling tiles in science lab for many days, this keeps repeating.",infrastructure
students are affected because of lift not working at main library. request immediate action.,infrastructure
"please help, please repair toilet door broken in science lab soon",infrastructure
"canteen has library air conditioning failure and needs maintenance, this keeps repeating.",infrastructure
there is poor ventilation in fee counter for one week. request immediate action.,infrastructure
"please help, students are affected because of potholes on internal road at auditorium",infrastructure
"please repair water seepage in walls in classroom 203 soon, this keeps repeating.",infrastructure
classroom 203 has unsafe staircase railing and needs maintenance. request immediate action.,infrastructure
"please help, there is collapsed false ceiling panel in computer lab for two weeks",infrastructure
"students are affected because of broken lab benches at auditorium, this keeps repeating.",infrastructure
please repair campus wifi dead zone in hostel block a soon. request immediate action.,infrastructure
"please help, auditorium has broken classroom chairs and needs maintenance",infrastructure
"there is damaged ceiling tiles in hostel block a for one week, this keeps repeating.",infrastructure
students are affected because of lift not working at classroom 105. request immediate action.,infrastructure
"please help, please repair toilet door broken in main library soon",infrastructure
"parking area has library air conditioning failure and needs maintenance, this keeps repeating.",infrastructure
there is poor ventilation in auditorium for one week. request immediate action.,infrastructure
"please help, students are affected because of potholes on internal road at north corridor",infrastructure
"please repair water seepage in walls in canteen soon, this keeps repeating.",infrastructure
parking area has unsafe staircase railing and needs maintenance. request immediate action.,infrastructure
"please help, there is collapsed false ceiling panel in computer lab for several weeks",infrastructure
"students are affected because of broken lab benches at computer lab, this keeps repeating.",infrastructure
please repair campus wifi dead zone in north corridor soon. request immediate action.,infrastructure
"please help, north corridor has broken classroom chairs and needs maintenance",infrastructure
"there is damaged ceiling tiles in main library for two weeks, this keeps repeating.",infrastructure
students are affected because of lift not working at main library. request immediate action.,infrastructure
"please help, please repair toilet door broken in science lab soon",infrastructure
"main library has library air conditioning failure and needs maintenance, this keeps repeating.",infrastructure
there is poor ventilation in north corridor for one month. request immediate action.,infrastructure
"please help, students are affected because of potholes on internal road at science lab",infrastructure
"please repair water seepage in walls in auditorium soon, this keeps repeating.",infrastructure
fee counter has unsafe staircase railing and needs maintenance. request immediate action.,infrastructure
"please help, there is collapsed false ceiling panel in hostel block b for one week",infrastructure
"students are affected because of broken lab benches at auditorium, this keeps repeating.",infrastructure
please repair campus wifi dead zone in classroom 203 soon. request immediate action.,infrastructure
"please help, north corridor has broken classroom chairs and needs maintenance",infrastructure
"there is damaged ceiling tiles in computer lab for one week, this keeps repeating.",infrastructure
students are affected because of lift not working at hostel block b. request immediate action.,infrastructure
"please help, please repair toilet door broken in main gate soon",infrastructure
"main library has library air conditioning failure and needs maintenance, this keeps repeating.",infrastructure
there is poor ventilation in hostel block b for one week. request immediate action.,infrastructure
"please help, students are affected because of potholes on internal road at classroom 105",infrastructure
"please repair water seepage in walls in classroom 203 soon, this keeps repeating.",infrastructure
computer lab has unsafe staircase railing and needs maintenance. request immediate action.,infrastructure
"please help, there is collapsed false ceiling panel in hostel block a for three days",infrastructure
"students are affected because of broken lab benches at engineering block, this keeps repeating.",infrastructure
please repair campus wifi dead zone in auditorium soon. request immediate action.,infrastructure
"please help, canteen has broken classroom chairs and needs maintenance",infrastructure
"there is damaged ceiling tiles in hostel block a for many days, this keeps repeating.",infrastructure
students are affected because of lift not working at hostel block a. request immediate action.,infrastructure
"please help, please repair toilet door broken in main library soon",infrastructure
"please help, there is exam timetable clash in auditorium this semester",academic issue
"our class is facing attendance record error for three days, this keeps repeating.",academic issue
marks not updated in main gate is affecting academic progress. request immediate action.,academic issue
"please help, please resolve course registration bug in the academic system",academic issue
"there is syllabus not completed in north corridor this semester, this keeps repeating.",academic issue
our class is facing no faculty replacement for two weeks. request immediate action.,academic issue
"please help, assignment grading inconsistency in auditorium is affecting academic progress",academic issue
"please resolve lab slots unavailable in the academic system, this keeps repeating.",academic issue
there is practical exam delay in north corridor this semester. request immediate action.,academic issue
"please help, our class is facing project review not scheduled for many days",academic issue
"unfair invigilation complaint in main library is affecting academic progress, this keeps repeating.",academic issue
please resolve portal not allowing submission in the academic system. request immediate action.,academic issue
"please help, there is exam timetable clash in north corridor this semester",academic issue
"our class is facing attendance record error for one week, this keeps repeating.",academic issue
marks not updated in admin office is affecting academic progress. request immediate action.,academic issue
"please help, please resolve course registration bug in the academic system",academic issue
"there is syllabus not completed in fee counter this semester, this keeps repeating.",academic issue
our class is facing no faculty replacement for one month. request immediate action.,academic issue
"please help, assignment grading inconsistency in admin office is affecting academic progress",academic issue
"please resolve lab slots unavailable in the academic system, this keeps repeating.",academic issue
there is practical exam delay in fee counter this semester. request immediate action.,academic issue
"please help, our class is facing project review not scheduled for one month",academic issue
"unfair invigilation complaint in computer lab is affecting academic progress, this keeps repeating.",academic issue
please resolve portal not allowing submission in the academic system. request immediate action.,academic issue
"please help, there is exam timetable clash in computer lab this semester",academic issue
"our class is facing attendance record error for two weeks, this keeps repeating.",academic issue
marks not updated in main gate is affecting academic progress. request immediate action.,academic issue
"please help, please resolve course registration bug in the academic system",academic issue
"there is syllabus not completed in science lab this semester, this keeps repeating.",academic issue
our class is facing no faculty replacement for many days. request immediate action.,academic issue
"please help, assignment grading inconsistency in science lab is affecting academic progress",academic issue
"please resolve lab slots unavailable in the academic system, this keeps repeating.",academic issue
there is practical exam delay in science lab this semester. request immediate action.,academic issue
"please help, our class is facing project review not scheduled for many days",academic issue
"unfair invigilation complaint in main library is affecting academic progress, this keeps repeating.",academic issue
please resolve portal not allowing submission in the academic system. request immediate action.,academic issue
"please help, there is exam timetable clash in fee counter this semester",academic issue
"our class is facing attendance record error for three days, this keeps repeating.",academic issue
marks not updated in auditorium is affecting academic progress. request immediate action.,academic issue
"please help, please resolve course registration bug in the academic system",academic issue
"there is syllabus not completed in computer lab this semester, this keeps repeating.",academic issue
our class is facing no faculty replacement for two days. request immediate action.,academic issue
"please help, assignment grading inconsistency in engineering block is affecting academic progress",academic issue
"please resolve lab slots unavailable in the academic system, this keeps repeating.",academic issue
there is practical exam delay in computer lab this semester. request immediate action.,academic issue
"please help, our class is facing project review not scheduled for three days",academic issue
"unfair invigilation complaint in engineering block is affecting academic progress, this keeps repeating.",academic issue
please resolve portal not allowing submission in the academic system. request immediate action.,academic issue
"please help, there is exam timetable clash in admin office this semester",academic issue
"our class is facing attendance record error for two days, this keeps repeating.",academic issue
marks not updated in classroom 105 is affecting academic progress. request immediate action.,academic issue
"please help, please resolve course registration bug in the academic system",academic issue
"there is syllabus not completed in engineering block this semester, this keeps repeating.",academic issue
our class is facing no faculty replacement for three days. request immediate action.,academic issue
"please help, assignment grading inconsistency in parking area is affecting academic progress",academic issue
"please resolve lab slots unavailable in the academic system, this keeps repeating.",academic issue
there is practical exam delay in computer lab this semester. request immediate action.,academic issue
"please help, our class is facing project review not scheduled for one week",academic issue
"unfair invigilation complaint in auditorium is affecting academic progress, this keeps repeating.",academic issue
please resolve portal not allowing submission in the academic system. request immediate action.,academic issue
"please help, there is exam timetable clash in classroom 105 this semester",academic issue
"our class is facing attendance record error for two days, this keeps repeating.",academic issue
marks not updated in main library is affecting academic progress. request immediate action.,academic issue
"please help, please resolve course registration bug in the academic system",academic issue
"there is syllabus not completed in classroom 105 this semester, this keeps repeating.",academic issue
our class is facing no faculty replacement for many days. request immediate action.,academic issue
"please help, assignment grading inconsistency in auditorium is affecting academic progress",academic issue
"please resolve lab slots unavailable in the academic system, this keeps repeating.",academic issue
there is practical exam delay in auditorium this semester. request immediate action.,academic issue
"please help, our class is facing project review not scheduled for one week",academic issue
"unfair invigilation complaint in fee counter is affecting academic progress, this keeps repeating.",academic issue
please resolve portal not allowing submission in the academic system. request immediate action.,academic issue
"please help, there is exam timetable clash in classroom 105 this semester",academic issue
"our class is facing attendance record error for two days, this keeps repeating.",academic issue
marks not updated in classroom 105 is affecting academic progress. request immediate action.,academic issue
"please help, please resolve course registration bug in the academic system",academic issue
"there is syllabus not completed in computer lab this semester, this keeps repeating.",academic issue
our class is facing no faculty replacement for two days. request immediate action.,academic issue
"please help, assignment grading inconsistency in hostel block b is affecting academic progress",academic issue
"please resolve lab slots unavailable in the academic system, this keeps repeating.",academic issue
there is practical exam delay in fee counter this semester. request immediate action.,academic issue
"please help, our class is facing project review not scheduled for three days",academic issue
"unfair invigilation complaint in fee counter is affecting academic progress, this keeps repeating.",academic issue
please resolve portal not allowing submission in the academic system. request immediate action.,academic issue
"please help, there is exam timetable clash in classroom 105 this semester",academic issue
"our class is facing attendance record error for one week, this keeps repeating.",academic issue
marks not updated in admin office is affecting academic progress. request immediate action.,academic issue
"please help, please resolve course registration bug in the academic system",academic issue
"there is syllabus not completed in admin office this semester, this keeps repeating.",academic issue
our class is facing no faculty replacement for one week. request immediate action.,academic issue
"please help, assignment grading inconsistency in engineering block is affecting academic progress",academic issue
"please resolve lab slots unavailable in the academic system, this keeps repeating.",academic issue
there is practical exam delay in main gate this semester. request immediate action.,academic issue
"please help, our class is facing project review not scheduled for several weeks",academic issue
"unfair invigilation complaint in main gate is affecting academic progress, this keeps repeating.",academic issue
please resolve portal not allowing submission in the academic system. request immediate action.,academic issue
"please help, there is exam timetable clash in fee counter this semester",academic issue
"our class is facing attendance record error for three days, this keeps repeating.",academic issue
marks not updated in science lab is affecting academic progress. request immediate action.,academic issue
"please help, please resolve course registration bug in the academic system",academic issue
"please help, i have a bus schedule confusion regarding auditorium",other
"please look into canteen menu complaint for canteen, this keeps repeating.",other
parking permit delay has caused inconvenience for many days. request immediate action.,other
"please help, this is a general complaint about id card replacement delay in classroom 203",other
"i have a lost and found support needed regarding classroom 203, this keeps repeating.",other
please look into guest pass process issue for hostel block b. request immediate action.,other
"please help, event management noise concern has caused inconvenience for two days",other
"this is a general complaint about sports facility timing request in parking area, this keeps repeating.",other
i have a website login slowdown regarding engineering block. request immediate action.,other
"please help, please look into mobile app glitch report for hostel block a",other
"request for additional seating has caused inconvenience for two days, this keeps repeating.",other
this is a general complaint about suggestion for cleaner notice board in canteen. request immediate action.,other
"please help, i have a bus schedule confusion regarding engineering block",other
"please look into canteen menu complaint for fee counter, this keeps repeating.",other
parking permit delay has caused inconvenience for one week. request immediate action.,other
"please help, this is a general complaint about id card replacement delay in admin office",other
"i have a lost and found support needed regarding hostel block a, this keeps repeating.",other
please look into guest pass process issue for classroom 105. request immediate action.,other
"please help, event management noise concern has caused inconvenience for three days",other
"this is a general complaint about sports facility timing request in canteen, this keeps repeating.",other
i have a website login slowdown regarding hostel block a. request immediate action.,other
"please help, please look into mobile app glitch report for computer lab",other
"request for additional seating has caused inconvenience for many days, this keeps repeating.",other
this is a general complaint about suggestion for cleaner notice board in hostel block b. request immediate action.,other
"please help, i have a bus schedule confusion regarding parking area",other
"please look into canteen menu complaint for engineering block, this keeps repeating.",other
parking permit delay has caused inconvenience for many days. request immediate action.,other
"please help, this is a general complaint about id card replacement delay in parking area",other
"i have a lost and found support needed regarding classroom 203, this keeps repeating.",other
please look into guest pass process issue for auditorium. request immediate action.,other
"please help, event management noise concern has caused inconvenience for several weeks",other
"this is a general complaint about sports facility timing request in north corridor, this keeps repeating.",other
i have a website login slowdown regarding computer lab. request immediate action.,other
"please help, please look into mobile app glitch report for parking area",other
"request for additional seating has caused inconvenience for three days, this keeps repeating.",other
this is a general complaint about suggestion for cleaner notice board in classroom 105. request immediate action.,other
"please help, i have a bus schedule confusion regarding science lab",other
"please look into canteen menu complaint for north corridor, this keeps repeating.",other
parking permit delay has caused inconvenience for one week. request immediate action.,other
"please help, this is a general complaint about id card replacement delay in canteen",other
"i have a lost and found support needed regarding hostel block a, this keeps repeating.",other
please look into guest pass process issue for science lab. request immediate action.,other
"please help, event management noise concern has caused inconvenience for two weeks",other
"this is a general complaint about sports facility timing request in hostel block a, this keeps repeating.",other
i have a website login slowdown regarding classroom 203. request immediate action.,other
"please help, please look into mobile app glitch report for engineering block",other
"request for additional seating has caused inconvenience for two days, this keeps repeating.",other
this is a general complaint about suggestion for cleaner notice board in north corridor. request immediate action.,other
"please help, i have a bus schedule confusion regarding auditorium",other
"please look into canteen menu complaint for canteen, this keeps repeating.",other
parking permit delay has caused inconvenience for several weeks. request immediate action.,other
"please help, this is a general complaint about id card replacement delay in admin office",other
"i have a lost and found support needed regarding fee counter, this keeps repeating.",other
please look into guest pass process issue for parking area. request immediate action.,other
"please help, event management noise concern has caused inconvenience for two days",other
"this is a general complaint about sports facility timing request in hostel block b, this keeps repeating.",other
i have a website login slowdown regarding parking area. request immediate action.,other
"please help, please look into mobile app glitch report for classroom 203",other
"request for additional seating has caused inconvenience for two weeks, this keeps repeating.",other
this is a general complaint about suggestion for cleaner notice board in parking area. request immediate action.,other
"please help, i have a bus schedule confusion regarding classroom 203",other
"please look into canteen menu complaint for engineering block, this keeps repeating.",other
parking permit delay has caused inconvenience for two weeks. request immediate action.,other
"please help, this is a general complaint about id card replacement delay in main library",other
"i have a lost and found support needed regarding canteen, this keeps repeating.",other
please look into guest pass process issue for engineering block. request immediate action.,other
"please help, event management noise concern has caused inconvenience for one week",other
"this is a general complaint about sports facility timing request in north corridor, this keeps repeating.",other
i have a website login slowdown regarding canteen. request immediate action.,other
"please help, please look into mobile app glitch report for computer lab",other
"request for additional seating has caused inconvenience for two days, this keeps repeating.",other
this is a general complaint about suggestion for cleaner notice board in admin office. request immediate action.,other
"please help, i have a bus schedule confusion regarding auditorium",other
"please look into canteen menu complaint for main gate, this keeps repeating.",other
parking permit delay has caused inconvenience for several weeks. request immediate action.,other
"please help, this is a general complaint about id card replacement delay in science lab",other
"i have a lost and found support needed regarding science lab, this keeps repeating.",other
please look into guest pass process issue for north corridor. request immediate action.,other
"please help, event management noise concern has caused inconvenience for one month",other
"this is a general complaint about sports facility timing request in north corridor, this keeps repeating.",other
i have a website login slowdown regarding admin office. request immediate action.,other
"please help, please look into mobile app glitch report for classroom 203",other
"request for additional seating has caused inconvenience for several weeks, this keeps repeating.",other
this is a general complaint about suggestion for cleaner notice board in engineering block. request immediate action.,other
"please help, i have a bus schedule confusion regarding fee counter",other
"please look into canteen menu complaint for classroom 105, this keeps repeating.",other
parking permit delay has caused inconvenience for several weeks. request immediate action.,other
"please help, this is a general complaint about id card replacement delay in north corridor",other
"i have a lost and found support needed regarding main gate, this keeps repeating.",other
please look into guest pass process issue for classroom 203. request immediate action.,other
"please help, event management noise concern has caused inconvenience for one month",other
"this is a general complaint about sports facility timing request in hostel block b, this keeps repeating.",other
i have a website login slowdown regarding main library. request immediate action.,other
"please help, please look into mobile app glitch report for main library",other
"request for additional seating has caused inconvenience for one month, this keeps repeating.",other
this is a general complaint about suggestion for cleaner notice board in science lab. request immediate action.,other
"please help, i have a bus schedule confusion regarding north corridor",other
"please look into canteen menu complaint for classroom 203, this keeps repeating.",other
parking permit delay has caused inconvenience for one month. request immediate action.,other
"please help, this is a general complaint about id card replacement delay in engineering block",other
some senior is harassing a junior on 5th floor,harassment
a senior is harassing ragging a student in hostel block,harassment
senior students are bullying juniors every night,harassment
my friend was threatened and abused by a senior,harassment
there is ragging happening on the fifth floor corridor,harassment
a senior made inappropriate comments and i feel unsafe,harassment
violence and intimidation by seniors against freshers,harassment
stalking and harassment near the girls hostel,harassment
senior misconduct during induction week needs action,harassment
discrimination and verbal abuse in classroom,harassment
physical assault reported between senior and junior,harassment
senior is harassing junior student please help urgently,harassment
bullying and ragging incident on floor five,harassment
threatening messages from senior batch students,harassment
unsafe environment due to senior harassment,harassment
